,City,Cloudiness,Country,Date,Humidity,Lat,Lng,Max Temp,Wind Speed
0,Punta Arenas,90,CL,1556421785,93,-53.16,-70.91,44.6,6.93
1,Touros,20,BR,1556420400,94,-5.2,-35.46,77,4.7
2,Avera,1,US,1556422077,62,33.19,-82.53,71.01,6.93
3,Thompson,40,CA,1556420400,57,55.74,-97.86,23,5.82
4,Atuona,3,PF,1556422088,75,-9.8,-139.03,84.27,20.6
5,Kavaratti,100,IN,1556421917,77,10.57,72.64,84.27,8.39
6,Barrow,0,AR,1556422089,73,-38.31,-60.23,57.27,9.01
7,Gamba,1,CN,1556422089,43,28.28,88.52,39.81,5.66
8,Hermanus,0,ZA,1556421398,96,-34.42,19.24,60.01,7
10,Vaini,48,IN,1556420400,73,15.34,74.49,77,2.24
11,Ribeira Grande,57,PT,1556422091,91,38.52,-28.7,62.31,17.47
12,Mataura,93,NZ,1556421009,83,-46.19,168.86,52,5.53
13,Rikitea,33,PF,1556422091,86,-23.12,-134.97,75.81,16.75
14,Iqaluit,90,CA,1556421761,92,63.75,-68.52,24.8,9.17
15,San Jose,79,PH,1556422092,22,15.79,120.99,96.15,8.81
16,Airai,67,TL,1556422093,49,-8.93,125.41,89.85,2.95
17,Ahipara,4,NZ,1556421889,100,-35.17,173.16,69.01,7.38
18,College,1,US,1556422052,23,64.86,-147.8,53.6,9.17
19,Fortuna,0,ES,1556422058,87,38.18,-1.13,55.99,1.54
20,Saint-Philippe,90,CA,1556422081,69,45.36,-73.48,39,16.11
21,Kralendijk,70,BQ,1556420100,78,12.15,-68.27,80.6,19.46
22,Longyearbyen,90,NO,1556421600,79,78.22,15.63,32,3.29
23,Torbay,90,CA,1556421806,100,47.66,-52.73,32,11.41
24,San Patricio,100,PY,1556422095,97,-26.98,-56.83,66.99,4.68
25,Bambous Virieux,40,MU,1556421844,83,-20.34,57.76,75,6.93
26,Ust-Nera,40,RU,1556422096,72,64.57,143.24,25.95,5.66
27,Upernavik,72,GL,1556422096,85,72.79,-56.15,10.47,13.85
28,Broken Hill,0,AU,1556420400,45,-31.97,141.45,64.4,11.41
29,Hobart,62,AU,1556422094,38,-42.88,147.33,60.8,16.11
30,Albany,90,US,1556422067,56,42.65,-73.75,45,18.34
31,Bluff,0,AU,1556422098,40,-23.58,149.07,83.19,11.48
32,Mucurapo,20,TT,1556421906,83,10.67,-61.53,78.8,6.93
34,Ushuaia,40,AR,1556420400,80,-54.81,-68.31,41,3.36
35,Jamestown,0,AU,1556422051,41,-33.21,138.6,66.99,7.02
36,Mehamn,69,NO,1556422099,75,71.03,27.85,30.45,11.27
37,Manzanillo,0,CU,1556422100,71,20.34,-77.12,81.75,10.8
38,Fare,100,PF,1556422100,79,-16.7,-151.02,83.55,16.64
39,Nuevo Progreso,1,US,1556421921,73,26.05,-97.95,73.99,8.05
41,Itapecerica,25,BR,1556422101,91,-20.47,-45.13,65.91,3.62
42,Qasigiannguit,71,GL,1556419800,86,68.82,-51.19,28.4,10.29
43,Santiago,0,CL,1556421803,63,-33.44,-70.65,70,3.06
44,Shache,66,CN,1556421373,56,38.42,77.24,60.01,4.99
45,Bontang,100,ID,1556422102,89,0.12,117.47,81.75,2.17
46,Hervey Bay,75,AU,1556421308,57,-25.3,152.85,84,13.87
47,Dudinka,40,RU,1556420400,77,69.41,86.18,5,4.47
48,Beloha,1,MG,1556422103,93,-25.17,45.06,66.27,2.33
49,Tarabuco,90,BO,1556422104,90,-19.18,-64.92,56.19,5.57
50,San Pedro,30,AR,1556421883,87,-33.68,-59.66,61,1.01
51,Port Alfred,0,ZA,1556422047,96,-33.59,26.89,61,5.41
52,Souillac,75,FR,1556422029,87,45.6,-0.6,48,3.36
53,Sumbe,98,AO,1556422106,87,-11.2,13.84,79.23,7.74
55,Saint George,20,GR,1556421812,87,39.45,22.34,61,6.02
56,Okato,4,NZ,1556422046,57,-39.19,173.88,64.99,5.01
57,Severo-Kurilsk,3,RU,1556422108,79,50.68,156.12,35.13,15.26
58,Svetlogorsk,40,RU,1556420400,71,53.14,59.15,51.8,17.9
59,Dickinson,40,US,1556421851,82,46.88,-102.79,39.99,12.75
61,Port Macquarie,0,AU,1556421905,33,-31.43,152.91,80.01,4.7
62,Bom Jesus,20,BR,1556420400,94,-5.99,-35.58,78.8,4.7
63,Tuktoyaktuk,40,CA,1556420400,84,69.44,-133.03,8.6,6.93
64,Tiksi,95,RU,1556422110,92,71.64,128.87,33.87,9.22
65,Klaksvik,0,FO,1556421600,93,62.23,-6.59,44.6,5.82
66,Trincomalee,100,LK,1556422110,78,8.58,81.23,82.65,3.02
67,Saskylakh,100,RU,1556422111,90,71.97,114.09,8.49,9.71
69,Muros,0,ES,1556422084,93,42.77,-9.06,53.01,6.93
70,Tasiilaq,94,GL,1556419800,73,65.61,-37.64,35.6,4.7
71,Roros,72,NO,1556421600,92,62.57,11.38,30.2,2.24
72,Sao Joao da Barra,30,BR,1556422112,95,-21.64,-41.05,71.49,3.09
73,Kloulklubed,75,PW,1556416440,79,7.04,134.26,86,10.29
74,Karaton,20,ID,1556421900,70,-6.34,106.1,86,2.24
75,Pithiviers,0,FR,1556422109,93,48.17,2.25,43,9.17
76,Chuy,88,UY,1556421854,84,-33.69,-53.46,67.35,22.03
77,Bethel,1,US,1556420160,22,60.79,-161.76,53.6,3.36
78,La Plata,90,AR,1556422095,100,-34.92,-57.95,63,5.39
79,Mar del Plata,100,AR,1556422115,88,-46.43,-67.52,49.35,4.41
80,Esperance,20,TT,1556421906,83,10.24,-61.45,78.8,6.93
81,Acapulco,40,MX,1556419500,83,16.86,-99.88,78.8,5.82
82,Alta Floresta,13,BR,1556422116,86,-9.87,-56.08,74.19,1.32
83,Kodiak,90,US,1556422099,60,39.95,-94.76,44.6,10.29
84,Manassas,90,US,1556421938,36,38.75,-77.48,62.6,5.82
85,Tecoanapa,40,MX,1556419500,83,16.99,-99.26,78.8,5.82
86,Cape Town,0,ZA,1556421964,93,-33.93,18.42,60.01,1.12
87,Hilo,90,US,1556422090,73,19.71,-155.08,75,6.93
88,Cayenne,75,GF,1556420400,78,4.94,-52.33,80.6,4.7
90,East London,0,ZA,1556420400,88,-33.02,27.91,64.4,12.75
91,Busselton,73,AU,1556421885,24,-33.64,115.35,78.01,19.44
92,Tibagi,94,BR,1556422119,98,-24.52,-50.41,66.09,1.48
93,Bredasdorp,8,ZA,1556421398,87,-34.53,20.04,60.8,4.7
94,General Roca,0,AR,1556420400,100,-39.03,-67.58,51.8,3.36
95,Yellowknife,75,CA,1556420400,60,62.45,-114.38,32,3.36
96,Bende,24,NG,1556422120,70,7.83,8.63,83.19,9.13
97,Ternate,40,PH,1556421717,49,14.29,120.72,93.2,9.17
98,Tura,1,IN,1556422121,63,25.52,90.21,88.23,9.04
99,Campbellton,97,CA,1556422121,95,48,-66.68,43.41,5.48
100,Bud,100,NO,1556421600,93,62.91,6.91,51.01,3.36
101,Butaritari,63,KI,1556422122,82,3.07,172.79,84.09,15.57
102,Soyo,100,AO,1556422122,87,-6.13,12.37,81.21,9.42
103,Suntar,100,RU,1556422122,76,62.16,117.65,39.27,6.91
104,Bilma,1,NE,1556422123,9,18.69,12.92,79.41,8.79
105,Reserva,98,BR,1556422123,98,-24.65,-50.85,66.63,1.41
106,Puerto Ayora,38,EC,1556421309,94,-0.74,-90.35,77,3
107,Imbituba,20,BR,1556420400,94,-28.24,-48.67,75.2,6.93
109,Te Anau,99,NZ,1556422124,97,-45.41,167.72,43.95,3.49
110,Geraldton,20,CA,1556420400,68,49.72,-86.95,24.8,2.24
111,Warrington,90,GB,1556422123,93,53.39,-2.59,48,17.22
112,Jieshi,15,CN,1556421985,66,22.82,115.83,86,5.41
113,Lovozero,9,RU,1556422125,79,68.01,35.02,26.31,4.65
115,Portland,1,US,1556421631,43,45.52,-122.67,52,12.75
116,Alofi,60,NU,1556420400,88,-19.06,-169.92,78.8,13.87
117,Poum,18,MK,1556422126,64,41.28,20.71,38.91,3.71
118,Camacha,40,PT,1556420400,77,33.08,-16.33,60.8,10.29
119,Xai-Xai,0,MZ,1556422127,90,-25.04,33.64,70.05,3.53
120,Kapaa,90,US,1556421796,69,22.08,-159.32,80.6,5.82
121,Ostrovnoy,85,RU,1556422127,80,68.05,39.51,29.37,6.85
123,Dali,44,CN,1556422128,56,25.6,100.24,65.55,6.76
124,Pevek,12,RU,1556422128,87,69.7,170.27,32.43,9.75
125,Santa Fe,8,AR,1556422087,80,-31.62,-60.7,64,2.55
126,Mubi,31,NG,1556422129,9,10.27,13.26,80.67,2.71
127,Tautira,40,PF,1556421782,66,-17.73,-149.15,87.8,6.93
128,Marmora,85,IT,1556422097,65,44.46,7.09,28,10.09
129,Port Hawkesbury,90,CA,1556421954,100,45.62,-61.36,42.01,17.22
131,Antofagasta,90,CL,1556420400,82,-23.65,-70.4,59,2.24
133,Palpa,100,PE,1556421894,77,-14.53,-75.19,69.69,6.51
134,Sao Gabriel da Cachoeira,100,BR,1556422131,93,-0.13,-67.09,76.53,0.83
135,Castro,90,CL,1556420400,100,-42.48,-73.76,44.6,4.7
136,New Norfolk,62,AU,1556422094,38,-42.78,147.06,60.8,16.11
137,Laela,45,TZ,1556422133,92,-8.57,32.05,56.73,3.87
139,Sitka,1,US,1556421413,53,37.17,-99.65,53.01,5.01
140,Kavieng,46,PG,1556422134,64,-2.57,150.8,87.69,5.28
141,Milkovo,20,BG,1556420400,87,41.53,24.68,50,4.7
142,Westport,100,IE,1556422091,90,53.8,-9.52,46,8.99
143,Ancud,90,CL,1556420400,100,-41.87,-73.83,44.6,4.7
144,Avarua,100,CK,1556420400,83,-21.21,-159.78,78.8,11.41
145,Pacific Grove,75,US,1556421916,76,36.62,-121.92,59,4.7
146,Chokurdakh,100,RU,1556422135,82,70.62,147.9,24.87,2.24
147,Huarmey,100,PE,1556422136,93,-10.07,-78.15,67.89,15.73
148,Guerrero Negro,98,MX,1556422136,90,27.97,-114.04,60.87,12.53
149,Impfondo,99,CD,1556422136,92,1.62,18.06,72.75,1.19
150,Alexandria,1,US,1556421720,68,31.31,-92.44,70,10.29
151,Fuerte Olimpo,99,BR,1556422137,91,-21.04,-57.87,70.05,4.25
153,Tarata,90,PE,1556420400,82,-17.47,-70.03,62.6,2.24
154,Fukue,75,JP,1556421844,30,35.03,136.69,64.99,6.93
155,Kalmar,96,SE,1556421305,93,56.66,16.36,48.2,5.82
156,Zyryanka,84,RU,1556422138,90,65.73,150.89,28.29,3.11
157,Mount Gambier,90,AU,1556420400,87,-37.83,140.78,55.4,20.8
158,Provideniya,100,RU,1556422139,91,64.42,-173.23,29.19,8.46
159,Brandon,1,US,1556422098,78,43.59,-96.57,39.2,3.36
160,Nanortalik,0,GL,1556422139,78,60.14,-45.24,34.77,3.65
161,Lobito,1,AO,1556422140,81,-12.35,13.55,78.33,3.09
163,Chizhou,36,CN,1556422140,56,30.67,117.49,69.51,8.37
164,Lebu,75,ET,1556416800,67,8.96,38.73,62.6,9.17
165,Haukipudas,0,FI,1556421394,74,65.17,25.5,30.2,5.82
166,Hasaki,75,JP,1556421837,41,35.73,140.83,64,10.29
168,Clyde River,90,CA,1556420400,72,70.47,-68.59,10.4,6.93
169,Belyy Yar,0,RU,1556420400,60,53.6,91.39,37.4,13.42
170,Beyneu,0,KZ,1556422142,45,45.32,55.19,60.15,6.93
171,Norman Wells,40,CA,1556420400,34,65.28,-126.83,37.4,10.29
172,Mazagao,40,BR,1556420400,100,-0.12,-51.29,77,4.7
173,Mahebourg,40,MU,1556421844,83,-20.41,57.7,75,6.93
174,Mangochi,16,MW,1556422143,99,-14.48,35.26,64.29,4.43
175,Boguchany,37,RU,1556422144,39,58.38,97.46,36.57,2.8
176,Atbasar,100,KZ,1556422144,50,51.81,68.36,50.97,24.7
178,Natal,20,BR,1556420400,83,-5.81,-35.21,78.8,5.82
179,Novobirilyussy,100,RU,1556422145,56,56.95,90.69,38.55,13.15
181,Port Lincoln,16,AU,1556422145,70,-34.72,135.86,60.15,7.58
182,Sao Filipe,93,CV,1556422146,84,14.9,-24.5,72.39,15.66
183,Porto Novo,0,BR,1556420400,83,-23.68,-45.44,71.6,9.4
185,Kahului,75,US,1556421936,61,20.89,-156.47,80.6,8.05
186,Hami,2,CN,1556422147,12,42.84,93.51,65.19,8.59
187,Pampa,90,US,1556421414,63,35.54,-100.96,62.6,19.46
189,Vila do Maio,0,CV,1556420400,56,15.13,-23.22,71.6,2.24
190,Erdaojiang,34,CN,1556422148,38,41.78,126.03,55.11,10.31
193,Kijini,95,TZ,1556422149,80,-5.85,39.32,82.29,6.13
194,Arlit,13,NE,1556422149,15,18.74,7.39,80.85,2.35
196,Touho,100,NC,1556422149,72,-20.78,165.23,76.71,3.56
198,Upata,91,VE,1556422150,76,8.02,-62.41,75.99,7.34
199,Ashland,90,US,1556422055,87,38.48,-82.64,53.01,6.93
201,Minsk,100,BY,1556420400,93,53.9,27.56,50,2.24
202,Namatanai,94,PG,1556422151,80,-3.66,152.44,83.19,2.89
203,Ilulissat,64,GL,1556419800,86,69.22,-51.1,28.4,10.29
204,Urengoy,76,RU,1556422152,92,65.96,78.37,8.85,8.39
206,Tuatapere,100,NZ,1556421009,83,-46.13,167.69,52,23.73
207,Strezhevoy,0,RU,1556420400,67,60.73,77.6,19.4,4.47
208,Haines Junction,4,CA,1556422153,28,60.75,-137.51,39.45,4.07
209,Digras,0,IN,1556422153,11,20.1,77.72,101.37,6.91
210,Abeche,28,TD,1556422154,11,13.83,20.83,80.49,9.51
211,Palana,24,RU,1556422154,79,59.08,159.95,31.71,6.55
212,Port Elizabeth,75,US,1556422154,62,39.31,-74.98,61,3.36
213,Victor Harbor,75,AU,1556422153,55,-35.55,138.62,66.99,8.05
214,Chifeng,33,CN,1556422155,36,42.27,118.96,62.49,8.37
215,Srednekolymsk,95,RU,1556422155,88,67.46,153.71,29.01,11.68
216,Presidencia Roque Saenz Pena,1,AR,1556421889,96,-26.79,-60.44,59.97,2.19
217,Belmonte,26,PT,1556421412,92,40.36,-7.35,42.01,5.48
218,Karratha,0,AU,1556422156,18,-20.74,116.85,91.11,16.78
219,Madison,90,US,1556422140,100,43.07,-89.38,34,4.7
220,Shinjo,75,JP,1556420400,51,38.77,140.31,57.2,16.11
223,Vila Franca do Campo,75,PT,1556422146,82,37.72,-25.43,60.8,9.17
224,Georgetown,0,GY,1556420400,88,6.8,-58.16,77,6.93
225,Botngard,0,NO,1556422011,47,63.77,9.81,57,12.75
226,Vanimo,97,PG,1556422159,68,-2.67,141.3,86.07,7.47
227,Houma,94,CN,1556422159,52,35.63,111.36,59.25,1.39
228,Khatanga,100,RU,1556422160,90,71.98,102.47,9.39,9.35
229,Grass Valley,1,US,1556422008,48,39.22,-121.06,73,5.08
230,Qaqortoq,0,GL,1556422160,72,60.72,-46.03,34.23,1.79
231,El Alto,75,BO,1556421660,93,-16.5,-68.19,42.8,4.7
232,Mount Isa,40,AU,1556420400,42,-20.73,139.49,84.2,14.99
233,Narsaq,0,GL,1556422161,72,60.91,-46.05,34.23,1.79
234,Hofn,62,IS,1556422162,99,64.25,-15.21,33.33,2.95
235,Qaanaaq,76,GL,1556422162,92,77.48,-69.36,-1.95,6.35
237,Pisco,0,PE,1556421340,82,-13.71,-76.2,68,3.36
238,Dingle,55,PH,1556422163,45,11,122.67,93.63,14.56
239,Vangaindrano,17,MG,1556422163,93,-23.35,47.6,70.23,2.44
240,Cabo San Lucas,75,MX,1556421913,29,22.89,-109.91,80.01,9.75
241,Nordfjordeid,99,NO,1556421903,93,61.91,5.99,53.01,2.24
242,Lavrentiya,39,RU,1556422164,91,65.58,-170.99,26.85,11.99
243,Luderitz,0,NA,1556420400,100,-26.65,15.16,50,2.24
244,Morgan City,1,US,1556422104,100,29.7,-91.21,69.01,4.72
245,Shancheng,98,CN,1556422165,86,26.9,117.17,71.49,2.68
246,Katsuura,75,JP,1556421895,33,33.93,134.5,59,9.17
247,Mwaro,100,BI,1556422165,89,-3.52,29.71,56.91,2.39
248,Ingham,80,AU,1556422166,80,-18.65,146.16,76.35,9.04
249,Itoman,90,JP,1556421785,88,26.12,127.67,75.2,8.05
251,Lugazi,46,UG,1556422167,98,0.37,32.94,63.57,0.98
252,Coquimbo,0,CL,1556420400,93,-29.95,-71.34,53.6,2.24
253,Mayo,20,CA,1556420400,19,63.59,-135.9,46.4,9.17
254,Kouango,100,CF,1556422168,81,4.99,19.98,75.63,5.06
255,Necochea,0,AR,1556421689,95,-38.55,-58.74,55,1.01
256,Yumen,13,CN,1556422168,23,40.29,97.04,61.05,4.76
257,Faanui,100,PF,1556422169,78,-16.48,-151.75,84.27,17.67
258,Leningradskiy,97,RU,1556422169,80,69.38,178.42,34.59,10.63
259,Namibe,36,AO,1556422169,74,-15.19,12.15,72.21,10.96
261,Hofu,75,JP,1556421248,51,34.05,131.57,63,12.75
262,Anzio,20,IT,1556422143,87,41.45,12.63,55,4.7
263,Zhezkazgan,0,KZ,1556420400,66,47.8,67.71,48.2,4.47
264,Nikolskoye,0,RU,1556422132,64,59.7,30.79,35.6,11.18
265,Cabedelo,20,BR,1556420400,94,-6.97,-34.84,75.2,4.7
266,Prainha,91,BR,1556422171,98,-1.8,-53.48,75.09,2.51
267,Noumea,90,NC,1556420400,69,-22.28,166.46,78.8,23.04
268,Henties Bay,50,NA,1556420581,95,-22.12,14.28,55,5.01
269,Richards Bay,72,ZA,1556422172,66,-28.77,32.06,74.55,6.24
270,Gimli,24,CA,1556421897,42,50.63,-96.99,37.99,8.46
271,Kaniama,95,CD,1556422173,73,-7.57,24.18,68.79,3.62
272,Ponta do Sol,66,BR,1556422173,94,-20.63,-46,65.73,2.82
273,Callaway,1,US,1556421930,52,46.98,-95.91,46,3.36
275,Antoniny,95,UA,1556422174,92,49.81,26.86,54.21,1.03
276,Veraval,75,FR,1556422135,93,49.65,0.71,48.2,6.93
277,Pathein,29,MM,1556422112,58,16.78,94.73,89.49,6.22
278,Lat Yao,30,TH,1556422175,28,15.75,99.79,99.75,1.5
279,Arraial do Cabo,24,BR,1556422175,78,-22.97,-42.02,78.69,11.21
280,Vitim,100,RU,1556422175,73,59.44,112.57,38.19,9.98
281,Carnarvon,0,ZA,1556422176,27,-30.97,22.13,59.43,8.28
282,Nador,75,MA,1556420400,82,35.17,-2.93,60.8,5.82
283,Havelock,1,US,1556422024,59,34.88,-76.9,68,9.17
284,Annau,0,TM,1556420400,62,37.89,58.52,57.2,2.24
285,Kiama,0,AU,1556422090,28,-34.67,150.86,71.6,8.05
286,Marzuq,15,YE,1556422177,23,14.4,46.47,69.33,6.2
287,Mahibadhoo,100,MV,1556422177,73,3.78,72.97,85.17,11.83
288,Beringovskiy,55,RU,1556422178,95,63.05,179.32,34.05,4.63
289,Victoria,75,BN,1556420400,79,5.28,115.24,84.2,6.93
290,Sambava,3,MG,1556422178,90,-14.27,50.17,70.77,3
291,Plettenberg Bay,0,ZA,1556422179,60,-34.05,23.37,61.77,3.24
292,Ponta Delgada,75,PT,1556422146,82,37.73,-25.67,60.8,9.17
293,Naze,25,NG,1556422179,93,5.43,7.07,77.07,4.74
294,Binzhou,80,CN,1556420469,44,37.38,117.96,59,3
295,Dese,0,IT,1556422157,76,45.53,12.3,57.2,2.24
296,Dikson,84,RU,1556422180,93,73.51,80.55,13.89,11.36
298,Havoysund,38,NO,1556419800,74,71,24.66,35.6,11.41
299,Weligama,100,LK,1556422181,74,5.97,80.42,85.89,8.14
300,Tondi,97,NG,1556422181,35,10.88,4.75,92.01,6.42
301,Lisakovsk,100,KZ,1556422182,71,52.55,62.49,50.79,16.75
304,Port Hedland,0,AU,1556420400,25,-20.31,118.58,89.6,18.34
305,Howard Springs,0,AU,1556422022,38,-12.5,131.05,96.01,10.29
308,Colac,100,AU,1556422028,80,-38.34,143.59,62.01,3
309,Kiunga,41,PG,1556422184,47,-6.12,141.3,96.69,2.04
310,Dusetos,63,LT,1556422184,78,55.75,25.85,52.59,9.93
311,Samarkand,40,UZ,1556420400,76,39.65,66.98,53.6,11.41
312,Jiexiu,100,CN,1556422184,40,37.02,111.92,58.71,1.41
313,Inirida,87,CO,1556422185,95,3.87,-67.92,75.63,1.1
314,Atkinson,90,US,1556422105,85,41.42,-90.02,37.4,10.29
315,Isangel,40,VU,1556420400,74,-19.55,169.27,84.2,11.41
318,Hereford,74,GB,1556421964,75,52.06,-2.72,46.99,5.01
319,Sinnamary,58,GF,1556422186,77,5.38,-52.96,81.21,15.05
320,Acari,96,BR,1556422187,79,-6.44,-36.64,75.99,15.23
321,Aykhal,20,RU,1556420400,41,65.95,111.51,21.2,8.95
322,Pudozh,0,RU,1556422187,63,61.81,36.54,28.47,8.34
323,Miami,40,US,1556421749,78,25.77,-80.19,79,6.93
325,Seoul,75,KR,1556419800,58,37.57,126.98,60.8,4.7
326,Arman,69,RU,1556422188,38,59.7,150.17,37.65,8.01
327,Auki,78,NG,1556422188,7,12.18,6.51,85.17,8.5
328,Kapuskasing,5,CA,1556420400,53,49.42,-82.43,26.6,8.05
329,Koslan,26,RU,1556422189,88,63.46,48.9,26.49,4.79
330,Encarnacion,90,PY,1556420400,100,-27.34,-55.87,66.2,5.82
331,Saquena,99,PE,1556422189,86,-4.67,-73.52,75.99,2.44
333,Miranda,40,CO,1556420400,83,3.25,-76.23,73.4,5.82
334,Shenzhen,20,CN,1556421937,74,22.54,114.05,84,11.18
335,Buraydah,40,SA,1556420400,100,26.33,43.97,62.6,5.82
336,Kaitangata,100,NZ,1556422149,60,-46.28,169.85,57,4
338,Antalaha,91,MG,1556422191,99,-14.9,50.28,67.89,2.55
339,Maibong,2,IN,1556422192,69,25.3,93.13,83.37,3.96
340,La Ronge,20,CA,1556420400,46,55.1,-105.3,30.2,4.61
341,Hithadhoo,100,MV,1556422192,77,-0.6,73.08,84.63,11.99
342,Huanren,38,CN,1556422193,50,41.26,125.37,54.21,10.29
344,Nufaru,97,RO,1556420400,93,45.15,28.92,50,8.05
345,Voh,60,NC,1556422193,74,-20.95,164.69,80.31,13.11
346,Lorengau,71,PG,1556422194,71,-2.02,147.27,87.51,4.38
347,Zhigansk,100,RU,1556422194,86,66.77,123.37,31.89,5.48
348,Vershino-Darasunskiy,97,RU,1556422194,18,52.35,115.52,62.31,5.35
349,Iguatu,84,BR,1556422195,89,-6.36,-39.3,72.93,1.19
350,San Quintin,100,PH,1556422195,45,17.54,120.52,92.55,7.9
351,Lompoc,1,US,1556422090,82,34.64,-120.46,57.99,5.82
353,Puerto Palomas,1,US,1556419980,12,31.78,-107.63,75.2,9.17
354,Soe,0,EE,1556422104,70,57.91,26.05,44.6,12.75
355,Ojinaga,1,US,1556421396,17,29.56,-104.41,82.4,6.93
356,Palmer,1,US,1556421978,22,61.6,-149.11,55.99,13.87
358,Sampit,98,ID,1556422197,96,-2.54,112.95,74.19,3.67
359,Cidreira,100,BR,1556422197,91,-30.17,-50.22,71.49,9.91
360,Udachnyy,20,RU,1556420400,41,66.42,112.4,21.2,8.95
361,Axim,85,GH,1556422198,87,4.87,-2.24,79.95,4.76
362,Brigham City,1,US,1556421964,46,41.51,-112.02,64.4,14.99
363,Margate,62,AU,1556422154,38,-43.03,147.26,60.8,16.11
364,Ust-Kuyga,32,RU,1556422199,88,70,135.55,32.43,8.9
365,San Cristobal,0,EC,1556421392,76,-0.39,-78.55,55.4,4.7
366,Kayerkan,40,RU,1556420400,77,69.35,87.76,5,4.47
367,Niihama,75,JP,1556421796,38,33.96,133.28,61,6.93
368,Mansa,0,IN,1556420400,23,23.43,72.66,87.8,5.82
369,Colares,0,PT,1556422135,82,38.8,-9.45,60.01,8.05
370,Hualmay,100,PE,1556422201,94,-11.1,-77.61,67.17,15.3
372,Rio Claro,0,BR,1556422097,100,-22.41,-47.56,77,5.1
373,Sistranda,0,NO,1556422179,47,63.73,8.83,57,12.75
374,Erzin,0,TR,1556422132,82,36.95,36.2,62.01,4.7
375,Grand Gaube,40,MU,1556422143,83,-20.01,57.66,75,6.93
376,Lata,0,IN,1556422204,14,30.78,78.62,42.51,2.26
377,Chateau-Thierry,90,FR,1556421371,81,49.05,3.4,44.6,10.29
378,Rawson,37,AR,1556422206,73,-43.3,-65.11,56.37,7.56
379,Comodoro Rivadavia,90,AR,1556421660,93,-45.87,-67.48,55.4,6.93
380,Nalut,0,LY,1556422209,75,31.86,10.98,54.39,20.83
381,Riyadh,79,SA,1556420400,35,24.63,46.72,69.8,4.7
382,Batken,0,KG,1556421983,51,40.06,70.82,48.99,4.32
383,Monrovia,20,LR,1556420400,94,6.33,-10.8,77,6.58
384,Ambulu,94,ID,1556422211,69,-8.35,113.61,84.09,5.61
385,Nouadhibou,30,MR,1556420400,88,20.93,-17.03,62.6,12.75
386,Matara,100,PE,1556422212,93,-13.74,-72.9,37.83,2.71
387,Dandong,29,CN,1556422212,45,40.12,124.37,57.09,13.24
388,Saint-Joseph,0,FR,1556422207,87,43.56,6.97,53.6,2.24
389,Codrington,40,AU,1556421934,50,-28.95,153.24,80.6,6.93
390,Bonavista,54,CA,1556421410,88,48.65,-53.11,30.99,3
391,Iralaya,40,HN,1556422213,86,15,-83.23,77.79,3.33
392,Bonoua,20,CI,1556420400,83,5.27,-3.6,84.2,3.36
393,Sechura,24,PE,1556422214,86,-5.56,-80.82,70.77,13.15
394,Lerwick,6,GB,1556419800,81,60.15,-1.15,46.4,3.15
395,Grindavik,75,IS,1556421575,81,63.84,-22.43,48.99,8.05
396,Maputo,75,MZ,1556420400,88,-25.97,32.57,71.6,3.36
397,Piskavica,75,BA,1556420400,100,44.73,18.34,42.8,2.24
398,San Carlos de Bariloche,40,AR,1556420400,66,-41.13,-71.31,55.4,19.46
399,Salalah,0,OM,1556419800,44,17.01,54.1,78.8,3.36
401,Manokwari,100,ID,1556422216,68,-0.87,134.08,82.83,5.73
402,Voi,41,KE,1556422216,94,-3.4,38.57,70.41,2.46
403,Champerico,40,MX,1556419560,65,16.38,-93.6,78.8,10.29
404,Barreirinhas,100,BR,1556422143,93,-2.75,-42.83,75.27,1.81
406,Kudahuvadhoo,100,MV,1556422217,75,2.67,72.89,84.99,12.62
407,Ucluelet,0,CA,1556422033,72,48.94,-125.55,52,25.88
409,Talnakh,40,RU,1556420400,77,69.49,88.39,5,4.47
410,Andapa,46,MG,1556422218,98,-14.66,49.65,62.31,2.39
411,Cherskiy,61,RU,1556422219,92,68.75,161.3,26.67,4.61
412,Half Moon Bay,90,US,1556422218,87,37.46,-122.43,62.01,12.75
413,Sabang,63,PH,1556422219,78,13.72,123.58,83.73,11.5
414,Shimoda,75,JP,1556422016,51,34.7,138.93,60.8,11.41
415,Prieska,0,ZA,1556422220,29,-29.67,22.74,62.13,9.55
417,Derzhavinsk,100,KZ,1556422220,51,51.1,66.31,52.05,24.65
418,Khani,40,GE,1556420400,93,41.96,42.96,50,5.82
419,Umm Kaddadah,54,SD,1556422221,13,13.6,26.69,74.37,12.77
420,Berlevag,24,NO,1556422221,67,70.86,29.09,34.41,11.92
421,Mahur,2,IN,1556422222,69,25.18,93.12,83.37,3.96
422,Kifri,91,IQ,1556422222,36,34.69,44.96,65.19,2.98
424,Tabatinga,14,BR,1556422223,91,-21.74,-48.69,71.31,0.69
425,Constantine,0,DZ,1556420400,100,36.36,6.61,39.2,2.51
426,Itarema,100,BR,1556422223,91,-2.92,-39.92,76.71,5.28
427,Querecotillo,38,PE,1556422223,73,-4.84,-80.65,74.55,12.62
428,San Luis,0,AR,1556421725,80,-33.3,-66.34,64,5.79
429,Yarmouth,2,GB,1556422217,75,50.71,-1.5,46.99,9.17
430,Birao,66,CF,1556422225,8,10.3,22.78,81.93,4.9
431,Komsomolskiy,100,RU,1556422225,97,67.55,63.78,8.31,6.31
432,Ayan,95,TR,1556422225,60,40.67,33.6,43.59,4.12
434,Taksimo,90,RU,1556422226,37,56.36,114.84,46.47,9.37
435,Hamilton,20,BM,1556420100,82,32.3,-64.78,66.2,2.24
436,Kirkuk,36,IQ,1556422226,40,35.47,44.4,63.03,3.06
437,Kinablangan,99,PH,1556422227,57,7.69,126.55,86.25,5.39
438,Bukama,97,CD,1556422227,79,-9.2,25.85,67.35,2.39
439,Goderich,100,CA,1556422201,94,43.74,-81.71,39.99,4
440,Leirvik,90,NO,1556422213,100,59.78,5.5,48.99,8.05
441,Sobolevo,33,RU,1556422228,88,54.43,31.9,52.23,7.56
442,Rauma,0,FI,1556419800,75,61.13,21.5,42.8,10.29
443,Otane,100,NZ,1556421436,77,-39.89,176.62,59,7
444,Mount Barker,75,AU,1556422208,55,-35.06,138.86,66.99,8.05
445,Lagoa,0,PT,1556422082,55,37.14,-8.45,63,8.05
446,Cap Malheureux,40,MU,1556422143,83,-19.98,57.61,75,6.93
447,Bangkalan,40,ID,1556420400,74,-7.05,112.74,86,5.82
448,Egvekinot,100,RU,1556422230,96,66.32,-179.17,28.11,14.61
449,Oistins,20,BB,1556420400,74,13.07,-59.53,80.6,16.11
450,Labuhan,100,ID,1556422231,72,-2.54,115.51,84.63,3.53
451,Yanam,40,IN,1556420400,62,16.73,82.22,89.6,3.36
452,Saint Anthony,1,US,1556422019,28,43.97,-111.68,55.4,23.04
453,Buala,86,SB,1556422231,73,-8.15,159.59,85.17,6.87
454,San Miguel,90,AR,1556422199,93,-34.54,-58.72,63,3.71
455,Pokhara,0,NP,1556422236,23,28.21,83.99,66.63,5.59
456,Storforshei,1,NO,1556422222,72,66.4,14.52,44.01,3.6
457,Abha,0,SA,1556420400,48,18.22,42.5,64.4,4.7
458,Bandar-e Lengeh,4,IR,1556420400,100,26.56,54.88,71.6,4.7
459,Balingasay,93,PH,1556422237,65,16.36,119.86,85.17,7.27
460,Bilibino,86,RU,1556422237,89,68.06,166.44,25.95,4.21
461,San Antonio,0,CL,1556420400,100,-33.58,-71.61,46.4,2.24
462,Baruun-Urt,1,MN,1556422238,49,46.68,113.28,52.23,4.43
463,Westlock,75,CA,1556422142,47,54.15,-113.85,37.4,10.29
464,Araouane,0,ML,1556422239,25,18.9,-3.53,85.35,7.27
465,Kabala,99,SL,1556422239,86,9.59,-11.55,76.71,3.11
466,Gerash,0,IR,1556420400,63,27.67,54.14,60.8,1.79
467,Ban Nahin,43,LA,1556421942,52,18.24,104.21,90.75,3.67
468,Yulara,40,AU,1556420400,23,-25.24,130.99,73.4,14.99
469,Chernyshevskiy,1,RU,1556422240,52,63.01,112.47,30.81,5.84
471,Rio Grande,100,BR,1556422116,92,-32.03,-52.1,64.47,7.36
472,Vao,0,EE,1556422241,70,59.1,26.19,38.73,13
473,Bowen,75,AU,1556422171,69,-20.01,148.25,84,17.22
474,Suhut,0,TR,1556421979,85,38.53,30.55,46.47,5.12
475,Manutuke,100,NZ,1556422205,71,-38.68,177.91,69.01,3
476,Senador Guiomard,0,BR,1556420400,94,-10.15,-67.74,77,1.01
477,Kindu,82,CD,1556422242,86,-2.95,25.92,69.69,1.79
478,Fethiye,0,TR,1556421969,93,36.62,29.12,60.01,5.82
479,Deputatskiy,9,RU,1556422243,79,69.3,139.9,25.05,5.46
480,Jalu,23,LY,1556422243,44,29.03,21.55,71.85,6.96
481,Ust-Maya,98,RU,1556422243,56,60.42,134.54,48.81,7.56
482,Nishihara,75,JP,1556422203,23,35.74,139.53,66.99,6.93
483,Alyangula,75,AU,1556420400,66,-13.85,136.42,87.8,11.41
485,Danilovka,58,RU,1556422244,80,50.35,44.12,56.19,9.69
486,Chapais,90,CA,1556420580,85,49.78,-74.86,19.4,10.29
487,Skibbereen,75,IE,1556420400,93,51.55,-9.27,44.6,3.36
488,Golden Gate,90,US,1556422238,64,38.36,-88.2,70,20.8
489,Surt,0,LY,1556422246,88,31.21,16.59,63.21,15.39
491,Salinopolis,100,BR,1556422246,82,-0.61,-47.36,81.93,13.24
493,Rocha,93,UY,1556422247,90,-34.48,-54.34,62.13,10.83
494,Tirumullaivasal,76,IN,1556422247,61,11.24,79.84,88.77,7.18
495,Moron,96,VE,1556422247,89,10.49,-68.2,76.53,1.7
496,Lazaro Cardenas,5,MX,1556422242,18,28.39,-105.62,77,3.36
497,Borogontsy,92,RU,1556422248,75,62.67,131.17,43.05,1.52
498,Kiruna,74,SE,1556419800,80,67.86,20.23,35.6,10.29
501,Manhattan,90,US,1556422115,65,39.18,-96.57,46.4,12.75
502,Southbridge,90,US,1556422066,60,42.08,-72.03,45,10.29
503,Savannah Bight,16,HN,1556422250,81,16.45,-85.85,81.75,15.52
504,Shepsi,0,RU,1556422250,62,44.04,39.15,57.63,6.78
505,Zeya,0,RU,1556422250,25,53.74,127.27,57.63,5.3
506,Cabra,10,ES,1556422111,87,37.47,-4.43,54,2.24
507,Praia,0,BR,1556420400,77,-20.25,-43.81,69.8,4.7
508,Nadym,84,RU,1556422251,92,65.53,72.51,9.75,8.32
509,Tumba,55,SE,1556422169,81,59.2,17.83,48.99,4.7
510,Keningau,75,MY,1556420400,79,5.33,116.16,87.8,8.05
511,San Andres,65,PH,1556422019,57,13.32,122.68,91.11,4.41
512,Fairbanks,1,US,1556422207,23,64.84,-147.72,52,9.17
513,Orange,0,AU,1556420498,30,-33.28,149.1,63,12.53
514,Carnot,100,CF,1556422253,93,4.94,15.87,72.03,1.99
515,Hobyo,60,SO,1556422253,74,5.35,48.53,80.49,8.28
516,Ugoofaaru,90,MV,1556422109,73,5.67,73,85.71,12.44
517,Tongchuan,90,CN,1556420400,87,34.9,108.95,51.8,2.24
518,Bani Walid,0,LY,1556422254,76,31.76,14,53.85,13.67
519,Oppdal,97,NO,1556422255,71,62.6,9.69,46.47,7.16
520,Dzaoudzi,0,YT,1556420400,88,-12.79,45.27,80.6,4.7
521,Aklavik,20,CA,1556420400,63,68.22,-135.01,26.6,2.24
522,Chumikan,55,RU,1556422255,40,54.72,135.31,49.53,3.94
523,Le Port,6,FR,1556422211,63,42.87,1.37,48.99,1.99
524,Rome,0,IT,1556422094,81,41.89,12.48,55,5.82
525,Serenje,0,ZM,1556422257,97,-13.23,30.22,57.63,5.26
526,Timbiqui,98,CO,1556422257,77,2.77,-77.67,83.55,5.3
527,Challapata,26,BO,1556422257,41,-18.9,-66.78,47.19,7.2
528,Mnogovershinnyy,0,RU,1556422258,48,53.94,139.92,48.99,7.23
529,Saldanha,0,PT,1556422258,81,41.42,-6.55,50.07,5.21
530,Orlik,100,RU,1556422258,37,52.51,99.83,38.73,10.8
532,Tolon,100,GH,1556422259,59,9.43,-1.07,87.69,9.46
533,Manta,70,RO,1556422259,93,45.1,24.1,49.17,2.82
534,Bintulu,75,MY,1556420400,83,3.17,113.03,80.6,9.17
535,Kodinsk,22,RU,1556422260,37,58.6,99.18,34.95,3.94
536,Siemiatycze,100,PL,1556421496,86,52.43,22.86,54,8.63
537,Hauterive,90,FR,1556422025,70,46.09,3.45,44.6,9.17
538,Seduva,0,LT,1556419800,76,55.77,23.77,51.8,8.05
539,Ceyhan,0,TR,1556422132,82,37.03,35.82,62.01,4.5
540,Gushikawa,90,JP,1556421785,88,26.35,127.87,75.2,8.05
541,Machico,20,PT,1556422084,67,32.7,-16.77,60.8,14.99
542,Along,52,IN,1556422262,58,28.17,94.8,66.45,3.67
543,Taltal,0,CL,1556422262,59,-25.41,-70.49,66.27,5.08
544,Paamiut,0,GL,1556422262,89,61.99,-49.67,32.79,15.03
545,Vilyuysk,100,RU,1556422263,80,63.75,121.63,36.57,6.22
546,Bahia Honda,0,CU,1556422263,75,22.9,-83.16,79.05,6.67
547,Biak,100,ID,1556422263,97,-0.91,122.88,68.43,0.72
548,Vardo,90,US,1556422209,28,39.62,-77.74,59,4.7
549,Linqiong,20,CN,1556420400,64,30.42,103.46,75.2,8.95
550,Concepcion del Oro,59,MX,1556422264,16,24.63,-101.42,73.47,3.2
551,Wairoa,100,NZ,1556422205,71,-39.04,177.43,69.01,3
552,Loreto,100,PY,1556422265,92,-23.27,-57.32,69.87,2.39
553,Cockburn Town,6,TC,1556422266,82,21.46,-71.14,78.69,14.52
554,Nemuro,0,JP,1556420400,24,43.32,145.57,55.4,11.41
555,Vila Velha,75,BR,1556422093,83,-3.71,-38.6,80.6,3.36
556,Vidim,40,CZ,1556422242,81,50.47,14.53,45,11.41
557,Nizwa,0,OM,1556422267,40,22.93,57.53,76.71,1.12
558,Padang,40,ID,1556416800,78,-0.92,100.36,80.6,3.36
559,Lady Frere,0,ZA,1556422267,63,-31.7,27.23,49.35,2.95
560,Leh,0,IN,1556422268,42,34.16,77.58,26.13,8.46
561,Mogadishu,65,SO,1556422268,75,2.04,45.34,81.93,5.99
562,Rozkishne,0,UA,1556422268,66,48.5,37.59,54.21,6.22
563,Fallon,75,US,1556420160,81,46.84,-105.12,44.6,12.75
564,Viedma,85,AR,1556422178,34,-40.81,-62.99,70.05,19.08
565,Totness,1,US,1556422267,55,33.74,-80.8,64.99,8.05
566,Walvis Bay,6,NA,1556420581,95,-22.95,14.51,55,5.01
567,Pangoa,100,PE,1556422270,95,-12.12,-73,70.77,2.55
568,Meulaboh,45,ID,1556422270,68,4.14,96.13,83.55,8.03
570,Mitsamiouli,20,KM,1556420400,88,-11.38,43.28,77,5.82
571,Dubbo,0,AU,1556420400,26,-32.25,148.6,69.8,12.75
572,Escarcega,1,MX,1556422267,83,18.61,-90.75,76.53,3.87
573,Kalaleh,0,IR,1556420400,81,37.38,55.49,53.6,5.57
574,Seybaplaya,0,MX,1556422272,82,19.65,-90.67,79.41,10.47
575,Yerbogachen,32,RU,1556422272,52,61.28,108.01,31.71,15.41
576,Oranjestad,20,AW,1556420400,83,12.52,-70.03,80.6,20.8
577,Floresta,78,BR,1556422273,87,-8.6,-38.57,73.11,11.86
578,Deer Lake,75,CA,1556420400,86,49.18,-57.43,33.8,3.36
579,Mayor Pablo Lagerenza,100,PY,1556422273,91,-19.93,-60.77,65.73,3.69
581,Naliya,0,IN,1556422274,54,23.26,68.83,83.73,11.01
582,Buckeye,1,US,1556422186,12,33.37,-112.58,90,8.05
583,Kaabong,100,UG,1556422274,93,3.51,34.14,64.47,1.39
585,Katobu,99,ID,1556422275,83,-4.94,122.53,83.37,4.34
586,Carauari,100,BR,1556422275,91,-4.88,-66.9,75.81,1.66
587,Kachug,60,RU,1556422275,43,53.96,105.89,53.31,5.97
588,Ligayan,73,PH,1556422276,80,4.65,119.47,82.47,5.86
589,Carndonagh,100,IE,1556422276,70,55.25,-7.27,48.45,7.78
590,Maracacume,100,BR,1556422276,98,-2.04,-45.96,73.83,0.4
591,Nelson Bay,0,AU,1556422248,25,-32.72,152.14,75,11.41
592,Atmakur,100,IN,1556422277,24,15.88,78.59,95.07,7.34
593,Luangwa,0,MZ,1556422277,78,-15.62,30.4,66.63,2.21
594,Rongcheng,59,CN,1556422237,60,37.16,122.42,59,1.01
596,Valle Hermoso,1,MX,1556422227,78,25.67,-97.82,73.99,8.05
597,Brokopondo,20,SR,1556420400,88,5.06,-54.98,77,4.7
598,Leopoldshohe,0,DE,1556422215,75,52.01,8.7,45,8.05
601,Morozovsk,0,RU,1556422280,72,48.35,41.83,54.75,6.38
602,Bisauli,0,IN,1556422280,9,28.31,78.94,95.25,13.98
603,Plouzane,75,FR,1556422267,87,48.38,-4.62,50,4.7
604,Maragogi,100,BR,1556422140,92,-9.01,-35.22,74.91,1.92
605,Haapiti,40,PF,1556421782,66,-17.57,-149.87,87.8,6.93
606,Burnie,93,AU,1556422204,52,-41.05,145.91,62.01,11.01
607,Bagdarin,0,RU,1556422281,27,54.44,113.59,54.39,9.48
609,Denpasar,20,ID,1556420400,79,-8.65,115.22,86,11.41
610,Hambantota,75,LK,1556421000,100,6.12,81.12,82.4,1.12
611,Spearfish,90,US,1556422207,70,44.49,-103.86,46,24.16
612,Nhulunbuy,40,AU,1556420400,70,-12.18,136.78,86,17.22
613,Gat,0,SN,1556420400,73,14.69,-16.54,71.6,17.22
614,Goundam,0,ML,1556422283,25,16.42,-3.66,87.33,11.21
616,Chesapeake,1,US,1556422236,58,36.72,-76.25,66,5.82
617,Rio Cauto,75,CU,1556419800,100,20.56,-76.92,71.6,3.36
618,Macon,1,US,1556422227,51,32.84,-83.63,64.99,4.7
619,Carutapera,100,BR,1556422285,94,-1.2,-46.02,77.25,4.88
620,Inuvik,20,CA,1556420400,63,68.36,-133.71,26.6,2.24
621,Porangatu,58,BR,1556422285,87,-13.44,-49.14,68.97,1.1
622,Granada,31,NI,1556420400,48,11.93,-85.96,86,6.93
623,Santa Cruz,20,US,1556422026,82,36.97,-122.03,64.4,10.29
624,Boende,100,CD,1556422288,85,-0.28,20.88,73.83,2.19
